Metric,Average_Score
Exact_Match,0.06627680311890838
Precision,0.9023040369859809
Recall,0.6921157094943964
F1_Score,0.7743379899470295
BLEU_Cumulative,0.5154842464357811
BLEU_4,0.4070011378239807
ROUGE_1,0.7721936278172943
ROUGE_2,0.6853272491290812
ROUGE_L,0.719841835530006
