Metric,Average_Score
Exact_Match,0.0
Precision,0.7270377626843144
Recall,0.557331819367423
F1_Score,0.6273538956953535
BLEU_Cumulative,0.18829464258563225
BLEU_4,0.05569810146020143
ROUGE_1,0.5593826859429213
ROUGE_2,0.38159830747355944
ROUGE_L,0.5074525388840978
