Metric,Average_Score
Exact_Match,0.0
Precision,0.7976909012034593
Recall,0.5433758432597666
F1_Score,0.6379099649309371
BLEU_Cumulative,0.2486677847811764
BLEU_4,0.11647244275484954
ROUGE_1,0.6169626046000307
ROUGE_2,0.4707002474557756
ROUGE_L,0.5382057669337956
